time,temperature_2m_max,temperature_2m_min,precipitation_sum,snowfall_sum,relative_humidity_2m_mean,snow_pixel_count
2014-01-06,-3.8,-9.4,0.6,0.98,73,222643
2014-01-13,-1.0,-2.5,0.0,0.21,68,255351
2014-01-20,-3.0,-4.0,0.1,0.21,65,261407
2014-01-20,-2.7,-3.7,0.2,0.49,65,128478
2014-01-29,1.5,-0.2,2.3,1.68,85,261618
2014-01-29,1.0,-1.0,2.6,1.75,86,237810
2014-01-29,2.0,0.2,3.2,1.96,81,254451
2014-02-07,-0.2,-1.4,0.3,0.91,75,248750
2014-02-23,0.1,-2.2,0.9,1.19,79,257275
2014-02-23,0.5,-1.8,2.0,1.75,78,230414
2014-03-02,-2.1,-5.6,0.8,0.7,54,258526
2014-03-02,-1.6,-4.8,0.8,0.91,54,249757
2014-03-02,-2.5,-6.2,0.4,0.35,53,119414
2014-03-27,-3.8,-11.1,0.1,0.07,79,251752
2014-04-03,-8.2,-9.0,0.7,1.47,61,251789
2014-04-03,-7.6,-8.1,0.3,1.33,63,240920
2014-04-03,-9.1,-9.9,0.2,1.47,58,76788
2014-04-10,2.2,-0.5,3.1,0.77,84,158789
2014-04-10,2.8,-0.2,3.1,0.7,83,90907
2014-04-12,-10.7,-14.1,0.0,0.0,74,262144
2014-04-26,-4.7,-5.7,0.0,0.35,67,167167
2014-04-26,-5.4,-6.3,0.0,0.49,69,224777
2014-04-28,-7.3,-8.6,0.0,0.0,70,178656
2014-04-28,-8.1,-9.3,0.0,0.0,72,242128
2014-05-21,-0.4,-1.9,1.1,1.19,74,203057
2014-05-21,0.4,-0.6,2.2,1.89,75,194835
2014-05-21,-0.9,-3.0,0.5,0.77,73,109606
2014-05-28,2.0,1.1,0.0,0.0,84,87455
2014-06-06,4.3,3.2,0.7,0.0,88,158589
2014-06-06,3.2,2.3,0.0,0.0,90,151901
2014-06-06,2.2,1.6,0.5,0.0,91,51155
2014-06-13,0.6,0.2,0.0,0.07,68,88931
2014-06-13,1.0,0.3,0.0,0.07,67,26826
2014-06-15,-0.2,-1.0,0.0,0.0,70,199934
2014-06-15,-0.2,-0.9,0.0,0.0,72,105821
2014-07-01,2.6,2.2,0.0,0.0,91,176357
2014-07-08,3.4,2.3,0.0,0.0,88,108717
2014-07-08,2.3,1.4,0.0,0.0,91,40665
2014-07-08,2.8,1.7,0.0,0.0,89,71060
2014-07-15,4.8,3.0,0.0,0.0,82,72108
2014-07-24,5.5,4.6,0.7,0.0,98,34675
2014-07-24,6.3,5.6,0.3,0.0,98,96155
2014-07-24,5.7,4.8,0.2,0.0,98,39292
2014-07-31,6.1,5.4,2.5,0.0,95,59102
2014-08-02,5.8,4.2,0.0,0.0,82,17742
2014-08-18,3.0,2.0,4.8,0.07,86,182108
2014-08-18,3.3,2.2,5.0,0.0,85,73404
2014-08-25,4.6,3.7,0.0,0.0,80,38249
2014-08-25,6.6,5.3,0.8,0.0,88,126296
2014-08-25,5.7,4.3,0.6,0.0,84,25529
2014-09-01,5.0,3.3,0.8,0.0,76,66960
2014-09-10,6.7,4.3,5.6,0.0,86,158349
2014-09-10,5.2,2.7,0.7,0.0,90,71216
2014-09-10,5.8,2.7,1.8,0.0,88,94568
2014-09-17,6.4,2.8,1.4,0.0,88,70653
2014-09-19,0.9,-0.6,0.2,0.77,74,196768
2014-09-19,1.0,-0.2,0.1,0.77,75,90386
2014-09-26,4.5,3.7,0.4,0.0,87,50076
2014-09-26,4.0,3.2,0.9,0.0,89,39166
2014-09-26,5.4,4.1,1.4,0.0,85,123040
2014-10-03,5.1,4.5,0.0,0.0,93,65165
2014-10-05,4.3,3.2,0.0,0.0,96,188423
2014-10-05,4.8,3.5,0.2,0.0,96,55291
2014-10-12,-0.1,-2.7,0.1,0.98,66,178915
2014-10-12,-1.3,-4.2,0.0,1.68,63,48526
2014-10-12,-0.7,-3.2,0.1,1.33,65,98720
2014-10-21,1.5,0.2,0.1,0.0,86,129902
2014-10-21,0.6,-0.1,0.0,0.0,90,224231
2014-11-06,-4.2,-10.1,0.0,0.14,68,262144
2014-11-13,-4.2,-5.8,0.9,1.19,69,205366
2014-11-13,-5.2,-6.8,0.2,0.98,71,233739
2014-11-13,-6.2,-8.1,0.2,0.84,74,85194
2014-11-20,-6.8,-8.9,0.5,0.7,70,237631
2014-11-22,1.0,-4.6,1.0,0.77,82,235952
2014-11-22,2.0,-2.5,0.7,0.63,79,141021
2014-11-29,-1.6,-6.1,0.6,0.91,82,241535
2014-11-29,-2.5,-7.4,1.1,0.91,82,68945
2014-11-29,-0.4,-5.2,0.7,0.84,83,178675
2014-12-06,3.3,1.2,8.9,2.31,87,63523
2014-12-06,2.7,0.6,9.5,4.06,89,109311
2014-12-08,1.8,0.6,0.5,0.42,77,232692
2014-12-15,2.2,1.5,2.6,0.49,80,237766
2014-12-15,1.0,0.6,0.3,0.35,87,262102
2014-12-15,1.6,0.9,0.7,0.28,83,231349
2014-12-24,-13.4,-15.0,0.0,0.0,74,262144
2014-12-24,-12.0,-13.4,0.0,0.63,78,250498
2015-01-07,1.2,-0.9,0.2,0.42,71,90727
2015-01-07,0.9,-1.8,0.1,0.21,71,149418
2015-01-09,-1.0,-1.6,0.3,0.7,66,242569
2015-01-09,-0.9,-1.5,0.5,0.98,66,175360
2015-01-16,-3.4,-6.8,5.0,3.57,76,105603
2015-01-16,-1.5,-5.8,4.3,3.22,71,240414
2015-01-16,-0.8,-4.4,1.9,1.54,67,245027
2015-02-08,-4.9,-7.4,3.5,2.87,69,224291
2015-02-08,-5.1,-8.1,3.0,2.45,69,257551
2015-02-10,-12.3,-13.9,0.1,1.26,65,252084
2015-02-10,-11.6,-13.2,0.3,1.4,67,209657
2015-03-12,3.8,-0.9,3.5,2.1,77,116086
2015-03-12,3.2,-2.0,2.1,1.54,77,173288
2015-03-14,0.7,-4.2,3.6,2.38,84,252664
2015-03-14,-0.2,-5.2,3.2,2.24,84,262121
2015-03-21,-9.1,-10.8,3.3,2.52,76,77514
2015-03-21,-7.8,-9.6,2.9,2.24,74,257046
2015-03-21,-6.8,-8.6,3.6,2.59,74,249726
2015-03-30,-0.1,-3.5,2.6,2.52,92,251379
2015-04-06,2.8,1.1,1.5,0.07,86,238807
2015-04-06,1.6,-0.2,0.2,0.07,89,85895
2015-04-06,2.2,0.6,0.5,0.0,87,247624
2015-04-13,0.4,-2.3,0.0,0.0,67,87694
2015-04-15,-0.1,-1.0,0.3,0.49,92,243064
2015-04-15,0.4,-0.4,0.2,0.42,91,216503
2015-04-22,-0.2,-1.7,8.7,6.23,79,226660
2015-04-22,-0.8,-2.8,6.8,4.9,77,72005
2015-04-22,0.0,-1.0,8.6,6.02,79,215159
2015-05-01,-3.8,-4.9,0.2,0.21,79,254238
2015-05-01,-3.0,-4.2,1.0,0.84,77,223980
2015-05-08,2.2,-0.4,0.1,0.0,96,80923
2015-05-08,4.2,1.4,0.0,0.0,95,178009
2015-05-08,3.2,0.3,0.0,0.0,96,193905
2015-05-15,-0.6,-1.8,2.8,2.1,78,47701
2015-05-15,-1.0,-2.2,1.8,1.4,77,108817
2015-06-02,0.0,-1.1,2.6,1.96,84,241278
2015-06-09,4.7,1.6,0.0,0.0,79,125971
2015-06-09,5.2,2.0,0.0,0.0,79,166688
2015-06-09,3.5,1.4,0.0,0.0,78,140973
2015-06-16,2.5,1.4,0.0,0.0,94,80576
2015-06-18,1.0,0.8,6.2,4.34,92,204904
2015-06-18,1.4,1.1,4.9,3.29,90,113132
2015-07-02,5.1,3.2,0.2,0.0,73,81038
2015-07-04,3.4,1.9,1.3,0.0,92,112811
2015-07-04,2.8,1.5,1.7,0.0,93,203994
2015-07-27,6.4,4.2,0.0,0.0,91,2739
2015-07-27,6.7,4.5,0.0,0.0,86,57315
2015-08-12,6.7,5.2,0.0,0.0,94,25939
2015-08-19,7.9,7.3,0.0,0.0,91,60180
2015-08-21,4.8,3.4,0.0,0.0,83,138317
2015-08-21,5.1,3.5,0.0,0.0,82,44696
2015-08-28,6.0,4.7,0.0,0.0,77,15201
2015-08-28,5.6,4.2,0.0,0.0,77,30181
2015-08-28,6.4,5.2,0.0,0.0,73,96817
2015-09-13,6.4,6.1,0.0,0.0,94,20017
2015-09-13,6.2,5.6,0.0,0.0,95,32081
2015-09-13,7.0,6.6,0.0,0.0,93,98299
2015-10-06,1.9,0.8,0.0,0.0,74,78890
2015-10-08,3.5,1.6,0.0,0.0,92,198372
2015-10-08,4.0,2.4,0.0,0.0,89,105021
2015-10-15,6.3,4.0,7.5,0.0,89,59487
2015-10-15,5.9,3.3,7.9,0.0,89,34076
2015-10-15,6.8,4.4,7.0,0.0,90,157760
2015-10-31,3.6,3.0,0.0,0.0,93,221553
2015-10-31,3.2,2.5,0.4,0.0,94,67130
2015-10-31,4.3,3.8,0.0,0.0,88,224118
2015-11-09,3.6,1.2,1.9,0.0,93,261891
2015-11-09,4.1,1.6,1.9,0.0,93,262144
2015-11-16,3.3,1.8,6.9,0.49,85,253680
2015-11-16,3.4,2.2,6.0,0.0,82,230621
2015-11-16,3.0,1.4,6.3,0.77,88,104071
2015-11-23,1.6,-1.9,1.9,1.12,71,79490
2015-11-23,1.5,-2.2,1.6,1.05,69,158387
2015-12-02,1.8,0.2,0.7,0.63,83,92019
2015-12-02,2.7,0.7,1.1,0.28,82,238182
2015-12-02,3.2,1.2,1.9,0.0,81,244495
2015-12-18,0.9,-2.5,2.4,2.17,66,255780
2015-12-18,-0.3,-4.0,0.7,1.26,60,120832
2015-12-18,0.3,-3.1,1.2,1.33,61,260996
2016-01-03,4.1,1.9,0.0,0.0,88,255617
2016-01-03,3.7,1.5,0.0,0.0,89,245560
2016-01-03,4.8,2.2,0.0,0.0,85,234866
2016-01-10,-1.9,-2.4,0.9,1.47,63,222029
2016-01-12,-5.5,-7.3,0.0,0.91,63,258905
2016-01-19,-2.6,-4.7,0.1,0.63,72,259090
2016-01-19,-2.3,-3.8,2.4,2.03,75,251616
2016-01-19,-2.4,-4.3,1.3,1.19,73,262032
2016-01-28,1.0,-1.8,3.7,2.8,85,235663
2016-01-28,0.5,-2.4,3.5,2.8,83,260954
2016-02-04,0.1,-2.7,1.6,1.89,78,243277
2016-02-04,-0.1,-3.1,0.5,0.63,77,261933
2016-02-13,-2.3,-5.0,0.7,0.84,62,204857
2016-02-13,-3.2,-5.7,0.0,0.42,63,256631
2016-02-20,3.0,1.0,1.6,0.42,86,256199
2016-02-20,2.5,0.8,1.9,0.56,90,262142
2016-02-20,2.2,0.8,1.4,0.21,91,231832
2016-02-27,0.4,-1.7,0.6,0.98,75,91012
2016-02-27,0.2,-2.0,0.0,0.21,74,134993
2016-02-29,-3.8,-4.8,0.0,0.0,64,237895
2016-02-29,-3.4,-4.4,0.0,0.0,65,186755
2016-03-07,2.1,0.8,0.0,0.07,81,240092
2016-03-07,1.7,0.4,0.3,0.28,87,85378
2016-03-07,2.2,1.0,0.1,0.0,78,234633
2016-03-16,-5.6,-7.9,3.3,2.45,67,254294
2016-03-16,-4.9,-7.6,3.8,2.8,68,178105
2016-03-30,3.7,3.2,0.0,0.0,89,139518
2016-03-30,4.2,3.7,0.0,0.0,88,77204
2016-04-01,0.2,-5.8,1.1,1.19,81,181918
2016-04-01,-0.7,-6.2,0.0,0.42,78,246660
2016-04-08,-0.1,-0.9,0.1,0.42,73,251429
2016-04-08,0.6,-0.6,0.1,0.42,74,234136
2016-04-08,-0.8,-1.6,0.0,0.7,70,101393
2016-04-24,-2.8,-3.3,0.4,0.98,77,73521
2016-04-24,-2.2,-2.8,0.6,1.4,75,228484
2016-04-24,-1.4,-2.0,1.2,1.82,73,219346
2016-05-03,-5.1,-5.8,0.0,0.0,68,210964
2016-05-03,-4.4,-5.1,0.0,0.0,68,90487
2016-05-10,2.3,1.8,0.4,0.0,88,191010
2016-05-10,1.0,0.3,0.0,0.0,83,64814
2016-05-10,1.5,0.9,0.0,0.14,88,190624
2016-05-17,4.0,2.8,2.6,0.0,89,41558
2016-05-17,3.6,2.2,1.9,0.0,90,98900
2016-05-19,2.6,-1.1,0.8,0.56,90,220338
2016-05-26,4.7,2.1,0.8,0.0,77,169094
2016-05-26,3.6,1.4,0.3,0.0,77,159289
2016-05-26,1.8,1.0,0.0,0.21,75,63256
2016-06-02,3.8,0.6,0.7,0.0,75,87671
2016-06-04,0.2,-0.2,0.1,0.49,87,207348
2016-06-04,0.5,0.2,0.5,0.91,85,108588
2016-06-20,4.5,3.6,0.0,0.0,90,72130
2016-06-20,3.9,2.9,0.0,0.0,91,149239
2016-06-27,4.8,3.1,0.0,0.0,87,88141
2016-06-27,4.6,2.0,0.0,0.0,90,43022
2016-06-27,4.5,2.5,0.0,0.0,89,66610
2016-07-04,9.8,7.6,0.0,0.0,93,76475
2016-07-06,5.1,4.4,0.0,0.0,96,139573
2016-07-20,9.4,8.8,1.4,0.0,88,94010
2016-07-29,6.8,4.3,0.5,0.0,83,43803
2016-07-29,7.7,4.4,0.8,0.0,82,33508
2016-07-29,8.4,5.2,0.5,0.0,81,95399
2016-08-14,7.7,5.7,0.0,0.0,78,53315
2016-08-14,8.2,6.2,0.0,0.0,78,91923
2016-08-14,7.2,5.0,0.0,0.0,80,39965
2016-08-21,9.8,6.2,4.8,0.0,91,62424
2016-08-23,5.8,2.8,0.0,0.0,71,73192
2016-09-08,2.4,1.4,0.0,0.0,92,150195
2016-09-08,2.8,1.8,0.0,0.0,90,49417
2016-09-15,6.5,5.1,0.0,0.0,91,69553
2016-09-15,7.3,5.6,0.0,0.0,88,111667
2016-09-15,6.9,5.2,0.0,0.0,89,31723
2016-09-22,6.7,5.9,0.0,0.0,97,90562
2016-09-24,4.8,4.2,0.5,0.0,99,41934
2016-09-24,4.6,3.8,0.2,0.0,99,147504
2016-10-01,6.4,6.1,1.9,0.0,92,19928
2016-10-01,7.0,6.8,0.3,0.0,93,95218
2016-10-01,6.7,6.4,0.6,0.0,93,12375
2016-10-08,6.2,4.4,0.0,0.0,78,260950
2016-10-10,5.4,4.8,0.0,0.0,90,174042
2016-10-10,5.2,4.2,0.0,0.0,90,225172
2016-10-17,4.9,2.3,0.0,0.0,85,14868
2016-10-17,5.4,3.2,0.1,0.0,85,117813
2016-10-17,4.6,1.4,0.2,0.0,82,20048
2016-10-24,5.2,3.7,0.0,0.0,84,15359
2016-10-24,4.8,3.6,0.0,0.0,85,93255
2016-10-26,4.2,3.5,0.8,0.0,91,238755
2016-10-26,4.7,3.8,0.0,0.0,91,230467
2016-11-02,2.5,0.4,1.4,0.63,68,20638
2016-11-02,2.7,0.6,0.3,0.14,66,31804
2016-11-02,3.0,1.0,0.3,0.14,66,117267
2016-11-09,5.3,3.9,0.5,0.0,91,59912
2016-11-09,5.7,4.6,1.1,0.0,90,30459
2016-11-11,3.3,2.7,2.5,0.77,88,164307
2016-11-11,3.6,2.9,2.1,0.35,87,44575
2016-11-18,3.3,1.6,1.9,0.56,77,121559
2016-11-18,2.8,1.5,0.7,0.42,77,19554
2016-11-18,2.5,1.2,0.9,0.21,76,31001
2016-11-27,-0.9,-3.0,4.2,3.36,69,139949
2016-11-27,-1.3,-2.9,2.1,1.96,69,231978
2016-12-04,0.6,-2.2,0.9,0.77,64,63430
2016-12-04,0.7,-1.5,2.5,1.96,70,189184
2016-12-04,0.5,-1.0,6.7,4.69,68,158419
2016-12-11,-2.7,-3.8,3.5,2.45,70,79826
2016-12-11,-3.0,-4.2,2.6,2.17,70,109037
2016-12-13,-2.5,-4.1,1.0,0.98,64,148767
2016-12-13,-2.6,-4.6,0.0,0.14,61,232408
2016-12-20,5.5,2.6,2.7,0.0,75,187596
2016-12-20,4.1,1.6,3.4,0.35,81,62376
2016-12-20,4.9,2.3,2.5,0.14,80,221448
2016-12-29,-2.2,-4.6,2.9,2.31,67,248065
2017-01-12,-0.2,-1.8,0.5,0.35,64,103301
2017-01-12,-0.9,-2.5,0.1,0.07,59,157802
2017-01-14,0.7,-0.4,2.2,1.4,74,259151
2017-02-06,3.2,2.1,0.3,0.0,91,262144
2017-02-06,2.5,1.7,0.2,0.0,92,261917
2017-02-06,4.3,2.9,0.8,0.0,90,261678
2017-02-13,1.1,-3.0,2.0,1.26,74,174965
2017-02-13,1.4,-2.6,1.5,0.98,74,131548
2017-02-22,-1.8,-5.1,7.9,5.6,72,237925
2017-02-22,-1.0,-2.5,5.2,3.64,69,250992
2017-02-22,-1.2,-3.0,4.3,3.01,63,261384
2017-03-17,0.2,-2.7,1.0,0.7,75,106217
2017-03-17,-0.7,-2.9,0.6,0.35,71,177332
2017-03-26,1.1,-9.6,8.7,5.46,92,112154
2017-03-26,2.0,-7.7,5.3,2.24,91,254715
2017-03-26,3.2,-5.7,5.5,1.61,88,244686
2017-04-11,-0.9,-2.7,2.6,1.82,64,250899
2017-04-11,-1.2,-2.8,2.6,1.75,67,119193
2017-04-11,-1.1,-2.8,2.7,1.89,64,262142
2017-04-18,1.0,-4.8,3.3,2.31,66,85467
2017-04-18,0.8,-5.2,2.5,1.75,67,138035
2017-04-20,-2.2,-6.9,0.3,0.21,88,233370
2017-04-27,0.2,-1.5,0.6,0.49,72,244188
2017-04-27,0.9,-1.2,1.5,0.91,72,235198
2017-04-27,-0.2,-2.5,1.1,0.77,74,244843
2017-05-06,-7.7,-11.4,0.6,0.42,68,237254
2017-05-13,-4.0,-6.2,0.2,0.14,71,74594
2017-05-13,-1.6,-2.9,2.6,1.75,77,178883
2017-05-13,-2.6,-4.5,0.1,0.07,74,203957
2017-05-20,-3.2,-4.1,0.0,0.0,72,99136
2017-05-29,0.6,-1.6,5.1,3.57,82,139194
2017-05-29,0.3,-2.3,6.2,4.34,86,69459
2017-05-29,1.1,-1.6,4.0,2.8,76,156377
2017-06-07,0.1,-0.6,0.0,0.0,95,256353
2017-06-14,2.6,1.1,0.5,0.21,86,127885
2017-06-14,3.5,1.5,0.6,0.07,83,159615
2017-06-23,0.2,-1.4,0.0,0.0,92,197790
2017-07-16,5.2,3.8,7.5,0.0,99,42824
2017-07-16,5.1,3.7,10.5,0.0,99,54991
2017-07-16,5.8,5.1,6.3,0.0,99,94670
2017-08-01,5.9,5.3,0.0,0.0,88,55664
2017-08-01,7.4,6.2,0.0,0.0,84,84438
2017-08-01,6.7,5.8,0.5,0.0,87,22857
2017-08-08,6.2,5.0,0.0,0.0,81,44208
2017-08-17,5.9,4.0,0.0,0.0,72,18810
2017-08-17,5.3,3.7,0.0,0.0,74,42454
2017-08-17,6.4,4.2,0.0,0.0,73,114822
2017-09-09,5.9,5.3,0.0,0.0,87,65518
2017-09-18,5.1,3.7,0.1,0.0,80,30947
2017-09-18,5.4,4.1,0.0,0.0,83,14525
2017-09-18,5.7,4.9,0.2,0.0,80,112226
2017-09-25,6.5,6.3,0.1,0.0,95,84819
2017-09-25,6.2,5.8,0.4,0.0,95,151711
2017-09-27,4.9,3.7,0.8,0.0,99,144517
2017-10-04,6.2,5.8,0.0,0.0,89,94492
2017-10-04,5.7,5.2,0.0,0.0,91,9202
2017-10-04,5.0,4.4,0.0,0.0,93,21310
2017-10-11,5.1,4.2,0.4,0.0,69,124467
2017-10-11,5.2,4.3,0.4,0.0,67,63766
2017-10-13,4.0,3.8,0.0,0.0,85,215080
2017-10-20,-0.3,-1.0,0.2,0.14,66,25638
2017-10-20,0.7,-0.2,1.7,1.26,66,124188
2017-10-20,0.1,-0.5,1.3,0.91,66,22997
2017-10-27,5.5,3.8,6.6,0.0,87,25748
2017-10-27,5.2,3.5,5.6,0.0,87,100679
2017-10-29,1.6,1.2,0.9,0.21,87,170001
2017-11-05,2.8,1.8,1.0,0.7,68,110408
2017-11-05,2.3,0.9,0.9,0.63,73,21970
2017-11-05,2.5,1.5,0.5,0.35,70,11472
2017-11-12,4.2,3.0,2.6,0.14,81,70911
2017-11-12,4.6,3.2,2.4,0.0,80,11951
2017-11-21,-1.3,-2.4,1.4,0.98,66,230787
2017-11-21,-2.0,-2.9,2.5,1.75,66,58419
2017-11-21,-1.9,-2.7,3.0,2.1,71,211907
2017-11-28,1.2,0.1,8.7,6.09,77,75167
2017-11-30,-3.5,-5.1,2.0,1.4,58,239834
2017-12-07,1.0,-0.9,0.9,0.7,84,44101
2017-12-07,2.5,0.0,7.6,5.04,80,202833
2017-12-07,2.1,-0.5,2.1,1.4,80,200412
2017-12-30,-1.7,-5.1,0.1,0.07,53,187315
2017-12-30,-1.4,-4.9,0.2,0.14,53,108440
2018-01-01,-0.3,-4.1,3.5,2.45,67,259929
2018-01-08,1.4,-0.5,2.7,1.89,73,258528
2018-01-08,0.9,-1.5,3.4,2.31,77,136622
2018-01-08,1.9,0.0,3.8,2.59,77,252194
2018-01-15,3.5,0.8,0.5,0.21,80,162512
2018-01-15,3.9,0.8,0.0,0.0,78,94599
2018-01-24,-1.5,-2.2,1.3,1.05,65,122708
2018-01-24,-1.1,-2.0,2.6,1.82,69,238924
2018-01-24,-1.0,-2.1,1.4,0.98,67,251577
2018-02-02,-2.8,-8.2,0.4,0.28,72,249791
2018-02-09,3.5,1.4,1.0,0.28,84,237581
2018-02-09,3.0,1.6,0.5,0.14,87,109179
2018-02-09,2.8,1.4,1.0,0.28,86,251799
2018-02-16,-0.7,-3.0,1.1,0.77,68,226035
2018-02-18,-6.9,-7.9,0.1,0.07,67,258973
2018-02-25,-0.5,-1.5,0.9,0.56,57,238125
2018-02-25,-0.9,-1.7,0.2,0.14,56,261953
2018-02-25,-0.6,-1.5,0.3,0.21,57,104532
2018-03-04,-3.7,-5.0,2.9,2.03,66,194683
2018-03-04,-3.5,-4.7,3.1,2.17,68,99187
2018-03-06,-8.5,-11.1,0.9,0.56,69,254005
2018-03-20,-6.7,-8.9,2.4,1.75,72,148957
2018-03-20,-6.2,-8.4,3.1,2.17,70,98585
2018-03-22,-9.8,-13.9,3.5,2.45,70,257870
2018-03-29,-6.2,-7.8,2.5,1.68,72,235322
2018-03-29,-6.9,-9.1,2.6,1.75,78,67849
2018-03-29,-5.7,-6.7,1.7,1.19,66,226934
2018-04-05,-2.8,-3.4,3.4,2.38,65,67013
2018-04-05,-3.1,-3.9,2.0,1.4,63,121971
2018-04-07,-4.7,-14.2,0.0,0.0,89,223587
2018-04-14,-2.9,-6.5,0.0,0.0,72,56082
2018-04-14,-2.0,-5.6,0.3,0.21,70,199367
2018-04-14,-1.5,-4.8,0.3,0.21,70,220065
2018-04-21,-3.2,-5.8,0.1,0.07,70,74501
2018-04-21,-3.3,-6.2,0.0,0.0,70,162987
2018-04-23,-8.8,-11.6,0.1,0.07,75,234330
2018-04-30,-1.4,-5.1,0.1,0.07,72,186950
2018-04-30,-2.8,-6.9,0.0,0.0,76,61293
2018-04-30,-0.6,-4.2,0.4,0.28,71,187596
2018-05-09,0.9,-0.4,3.5,1.47,87,229684
2018-05-23,1.5,-1.0,0.2,0.21,78,231954
2018-05-23,2.3,-0.8,0.2,0.07,79,99342
2018-05-25,0.8,0.2,0.9,0.28,95,235169
2018-06-01,3.0,2.1,6.0,0.7,85,137341
2018-06-01,2.4,1.5,4.9,0.56,87,107847
2018-06-17,6.0,3.7,0.0,0.0,89,88568
2018-06-17,5.0,3.3,0.0,0.0,90,67137
2018-06-17,7.0,4.7,0.0,0.0,88,116989
2018-07-03,4.0,3.2,0.0,0.0,94,160303
2018-07-12,4.9,3.7,3.1,0.0,93,175197
2018-07-19,6.8,5.1,0.0,0.0,98,29635
2018-08-04,4.7,3.0,0.0,0.0,85,19731
2018-08-04,3.8,2.7,0.0,0.0,86,38965
2018-08-04,5.2,3.5,0.0,0.0,84,92355
2018-08-20,6.2,5.5,4.0,0.0,89,10595
2018-08-20,7.1,6.1,3.7,0.0,88,79540
2018-08-20,5.9,5.1,2.0,0.0,90,41281
2018-08-27,7.9,6.4,2.3,0.0,95,55722
2018-08-29,6.2,3.5,0.6,0.0,81,82648
2018-09-05,6.8,6.1,0.4,0.0,83,72070
2018-09-05,6.1,5.5,0.1,0.0,88,9672
2018-09-14,3.9,2.2,0.9,0.28,71,255889
2018-09-21,5.9,5.2,20.8,0.0,92,105924
2018-09-21,4.1,3.0,11.8,0.0,87,29181
2018-09-21,5.2,3.4,15.3,0.0,91,25670
2018-09-28,2.2,1.6,0.3,0.21,53,81516
2018-09-30,1.1,0.3,0.4,0.28,66,262144
2018-10-07,3.5,1.2,1.5,0.14,75,24737
2018-10-07,4.0,2.2,2.2,0.28,76,179252
2018-10-07,2.2,1.4,1.6,0.7,77,26578
2018-10-23,2.3,0.8,1.3,0.28,76,223938
2018-10-23,3.1,1.1,1.7,0.35,78,214099
2018-10-23,1.9,0.1,0.8,0.35,74,60187
2018-10-30,4.8,1.5,0.8,0.0,77,97711
2018-10-30,5.0,1.6,0.7,0.0,79,55245
2018-11-15,4.6,2.1,2.6,0.21,90,180773
2018-11-15,5.0,2.3,2.8,0.35,90,108584
2018-11-17,1.4,-4.2,0.3,0.28,60,245428
2018-11-24,-0.8,-4.0,1.3,0.98,60,242041
2018-11-24,-0.7,-4.7,2.3,1.61,63,87995
2018-11-24,-0.8,-4.1,1.1,0.77,61,243656
2018-12-01,4.6,-0.4,4.8,2.1,84,139300
2018-12-01,4.9,-0.1,4.1,1.47,85,86605
2018-12-03,2.3,1.1,2.0,0.35,94,238191
2018-12-17,-1.7,-3.4,1.9,1.33,69,171344
2019-01-04,0.3,-2.8,4.8,3.36,79,259170
2019-01-11,1.6,-0.2,10.9,7.28,83,256288
2019-01-11,0.9,-0.4,4.2,2.94,82,262144
2019-01-27,-2.3,-3.4,1.8,1.26,65,262138
2019-01-27,-2.1,-3.3,1.3,0.91,67,244435
2019-01-27,-2.3,-3.5,2.3,1.61,64,258661
2019-02-19,-10.5,-14.1,3.8,2.66,77,207085
2019-02-28,-10.3,-12.6,2.4,1.68,83,232689
2019-02-28,-8.7,-10.6,3.1,2.17,77,257234
2019-02-28,-9.6,-11.4,2.9,2.03,78,262075
2019-03-09,-13.6,-14.8,0.0,0.0,72,262124
2019-03-16,1.8,0.9,4.0,2.17,83,253645
2019-03-16,0.3,-6.3,14.7,10.29,91,142864
2019-03-16,0.9,-2.3,7.1,4.97,88,260525
2019-03-25,-5.4,-8.5,0.0,0.0,72,260228
2019-04-01,-5.1,-7.1,2.0,1.54,81,250233
2019-04-01,-7.3,-10.6,0.5,0.28,86,100560
2019-04-01,-6.2,-8.9,1.9,1.33,82,260318
2019-04-08,-6.4,-7.7,1.3,0.84,68,123120
2019-04-08,-5.9,-7.2,1.3,0.91,68,80541
2019-04-26,-7.4,-9.8,0.0,0.0,84,256024
2019-05-12,-1.2,-3.5,0.0,0.0,88,249438
2019-05-19,-1.0,-2.9,0.0,0.0,77,167472
2019-05-19,0.1,-2.4,0.0,0.0,77,184899
2019-05-19,-2.0,-3.5,0.0,0.0,75,60385
2019-05-26,-0.2,-1.6,1.3,0.91,71,262144
2019-05-26,0.7,-1.1,1.6,1.19,73,62255
2019-05-28,-1.5,-2.5,0.5,0.35,82,249337
2019-06-13,0.8,-0.8,0.0,0.0,94,258409
2019-06-29,2.0,1.2,0.8,0.0,95,206866
2019-07-06,4.8,3.9,0.0,0.0,92,139490
2019-07-06,3.5,1.8,0.0,0.0,94,99989
2019-07-06,3.0,1.1,0.0,0.0,94,36123
2019-07-13,4.9,3.0,0.0,0.0,94,78461
2019-07-15,1.9,1.2,0.0,0.0,92,174374
2019-07-22,5.5,3.3,0.0,0.0,94,37812
2019-07-22,6.7,3.8,0.0,0.0,93,57594
2019-07-22,7.8,4.8,0.0,0.0,91,111625
2019-07-31,2.3,1.7,0.0,0.0,90,155686
2019-08-07,2.9,2.0,0.0,0.0,88,21999
2019-08-07,3.0,2.5,0.0,0.0,89,34374
2019-08-07,3.7,3.0,0.6,0.0,89,96553
2019-08-16,4.2,2.6,1.5,0.0,92,137149
2019-08-23,3.8,1.4,3.3,0.28,91,16616
2019-08-23,4.2,1.6,2.7,0.0,91,19404
2019-08-23,4.9,3.7,2.8,0.0,87,90292
2019-09-01,4.3,3.5,2.8,0.0,97,140258
2019-09-08,5.6,3.9,2.0,0.07,81,13159
2019-09-08,6.6,4.4,1.0,0.0,78,84121
2019-09-08,5.1,3.4,1.5,0.0,82,34857
2019-09-15,5.7,4.7,1.5,0.0,92,87784
2019-09-24,2.7,1.8,0.0,0.0,79,84693
2019-09-24,2.2,1.2,0.0,0.0,79,10982
2019-09-24,1.8,0.6,0.0,0.0,79,24891
2019-10-01,2.8,2.0,1.4,0.49,77,42235
2019-10-01,2.7,1.7,1.4,0.56,78,104609
2019-10-03,1.5,0.9,0.6,0.42,77,251821
2019-10-10,2.8,1.7,0.2,0.0,88,55421
2019-10-10,3.7,3.0,1.3,0.0,84,182194
2019-10-10,3.2,2.5,0.6,0.0,85,124521
2019-10-19,-1.9,-4.9,5.3,3.71,73,258147
2019-10-26,-2.2,-3.5,1.9,1.33,71,103204
2019-10-26,-2.5,-3.5,2.0,1.4,69,56064
2019-10-26,-2.0,-3.2,2.3,1.61,71,215233
2019-11-04,0.0,-2.2,4.7,3.22,81,245900
2019-11-11,0.6,-3.1,0.2,0.14,62,261286
2019-11-11,0.2,-3.0,0.0,0.0,61,253714
2019-11-11,0.3,-4.2,0.9,0.7,66,81345
2019-11-18,2.2,-0.6,2.5,1.75,74,190023
2019-12-04,0.3,-0.6,0.7,0.42,69,173585
2019-12-06,-1.9,-5.9,2.4,1.68,75,254931
2019-12-22,-0.3,-2.6,6.7,4.69,84,260051
2019-12-29,2.7,-0.9,4.2,0.77,94,259655
2019-12-29,1.5,-1.5,8.6,4.34,97,242205
2019-12-29,3.5,-0.2,4.4,0.07,92,253387
2020-01-05,-6.0,-8.4,4.5,3.15,83,168208
2020-01-14,-8.4,-10.4,3.6,2.52,78,256856
2020-01-14,-9.4,-11.1,3.6,2.45,77,262144
2020-01-23,-9.4,-15.6,0.1,0.07,79,260948
2020-01-30,-0.4,-2.7,0.0,0.0,57,257123
2020-01-30,-0.6,-2.7,0.3,0.21,58,262144
2020-01-30,-0.9,-3.7,0.6,0.42,60,261977
2020-02-06,-6.6,-9.1,2.1,1.47,84,221907
2020-02-08,-0.3,-3.3,7.0,4.9,95,259328
2020-02-15,-2.3,-6.2,3.4,2.38,85,252196
2020-02-15,0.2,-3.5,2.4,1.68,82,262093
2020-02-15,0.8,-1.0,4.0,2.73,77,253597
2020-02-22,2.3,1.1,3.2,1.26,86,106925
2020-02-22,1.3,-1.6,4.2,2.45,90,178176
2020-02-24,-11.1,-14.5,0.0,0.0,81,255139
2020-03-02,-1.5,-11.9,3.9,2.8,80,258446
2020-03-02,-2.3,-14.9,3.5,2.52,83,152263
2020-03-02,-0.6,-9.8,3.9,2.73,77,242538
2020-03-09,0.8,-0.6,1.2,0.91,83,238659
2020-03-11,-8.1,-27.8,0.0,0.0,79,252193
2020-03-18,-12.5,-14.9,0.3,0.14,84,256088
2020-03-18,-10.1,-11.2,1.3,0.91,78,243727
2020-03-18,-16.0,-19.3,0.0,0.0,79,146157
2020-04-03,-1.5,-3.4,1.7,1.19,71,248910
2020-04-03,-1.1,-2.6,2.7,1.89,66,236507
2020-04-03,-3.7,-7.9,0.2,0.14,84,63212
2020-04-10,-10.1,-12.6,1.9,1.4,73,160252
2020-04-10,-8.4,-10.2,2.1,1.47,75,103582
2020-04-12,-12.1,-15.2,0.0,0.0,75,241732
2020-04-19,0.2,-4.9,0.4,0.0,95,94816
2020-04-26,-2.2,-4.5,0.7,0.49,85,102823
2020-04-28,-6.1,-7.8,0.0,0.0,76,233254
2020-05-12,1.0,0.1,16.7,9.8,91,105842
2020-05-12,1.5,0.1,18.9,10.85,92,43128
2020-05-14,1.4,-1.3,2.4,0.63,90,262144
2020-05-21,-0.8,-1.2,1.3,0.98,89,254709
2020-05-21,-0.2,-0.7,0.2,0.14,85,213371
2020-05-21,-1.1,-1.5,5.3,3.78,93,65663
2020-06-06,2.8,1.5,1.3,0.28,85,171474
2020-06-06,0.7,-0.1,0.0,0.0,86,56890
2020-06-06,1.8,0.8,0.1,0.07,84,130797
2020-06-22,0.9,-0.6,0.6,0.35,84,97871
2020-06-22,0.6,0.1,0.2,0.14,86,50490
2020-06-22,1.3,-0.7,0.1,0.07,82,141492
2020-06-29,2.0,1.4,0.6,0.0,90,88368
2020-07-08,4.8,3.5,0.0,0.0,96,55469
2020-07-08,4.2,3.0,0.0,0.0,97,41412
2020-07-08,5.8,4.8,0.0,0.0,95,100657
2020-07-15,4.8,3.7,2.0,0.0,88,73544
2020-07-24,8.2,7.4,0.0,0.0,95,106542
2020-07-24,6.4,5.5,0.0,0.0,96,42975
2020-07-24,7.2,6.4,0.0,0.0,95,43172
2020-08-02,6.2,4.5,0.1,0.0,97,123989
2020-08-18,6.1,4.9,0.0,0.0,94,71731
2020-08-25,7.6,6.7,3.5,0.0,95,39082
2020-08-25,8.7,7.9,3.9,0.0,92,77038
2020-08-25,8.2,7.4,3.3,0.0,93,11918
2020-09-03,7.3,6.2,3.7,0.0,95,115236
2020-09-10,5.6,4.1,0.0,0.0,92,31894
2020-09-10,6.7,4.3,0.4,0.0,92,14542
2020-09-10,7.0,4.8,1.2,0.0,92,102373
2020-09-17,6.3,4.6,1.1,0.0,76,71591
2020-09-19,5.0,4.6,0.0,0.0,94,143132
2020-10-03,6.3,3.1,0.0,0.0,82,75685
2020-10-03,6.6,3.5,0.0,0.0,83,15976
2020-10-05,3.0,2.2,0.0,0.0,76,178572
2020-10-12,2.0,0.4,1.9,1.26,58,82357
2020-10-12,1.2,-0.7,2.5,1.82,63,19088
2020-10-12,1.5,0.1,1.9,1.33,58,11556
2020-10-19,3.0,1.5,2.0,0.56,73,10084
2020-10-19,2.8,1.3,1.2,0.35,72,61174
2020-10-21,-0.1,-0.6,1.2,0.98,64,151177
2020-10-28,4.2,2.3,0.5,0.0,90,54327
2020-10-28,3.7,2.0,1.1,0.0,92,23658
2020-10-28,4.4,2.8,1.0,0.0,89,134125
2020-11-22,-0.4,-1.9,0.4,0.28,69,262144
2020-12-15,-0.8,-6.8,2.5,1.75,75,261819
2020-12-15,0.1,-6.1,2.3,1.61,72,251909
2020-12-22,-1.0,-1.9,1.2,0.84,61,213682
2020-12-22,-0.4,-1.5,2.8,1.96,63,134114
2021-01-07,3.4,-0.2,0.5,0.14,75,219452
2021-01-16,-0.9,-3.1,4.5,3.15,78,197611
2021-01-16,-0.2,-2.8,5.4,3.78,79,262085
2021-01-16,0.0,-2.3,5.1,3.57,79,250964
2021-01-25,-5.0,-6.8,5.1,3.57,76,254816
2021-02-01,-4.4,-5.6,2.5,1.75,56,248262
2021-02-01,-4.6,-5.2,3.2,2.24,56,251100
2021-02-01,-4.7,-5.5,4.0,2.8,59,162054
2021-02-08,-6.1,-8.7,7.2,4.97,74,255427
2021-02-10,-15.8,-17.1,0.0,0.0,68,256190
2021-02-17,-1.4,-5.7,0.9,0.63,67,233008
2021-02-17,-2.0,-6.2,0.3,0.21,64,111900
2021-02-17,-1.9,-5.9,0.5,0.35,66,256526
2021-03-05,-5.3,-6.7,0.4,0.28,65,227822
2021-03-05,-5.9,-6.8,1.0,0.7,64,105375
2021-03-05,-5.9,-6.9,0.3,0.21,62,256925
2021-03-30,-0.2,-1.5,0.2,0.14,85,254916
2021-05-01,-1.0,-3.4,1.2,0.84,75,234341
2021-05-08,1.9,-0.3,2.6,1.61,86,177770
2021-05-08,0.9,-0.8,2.3,1.54,85,191888
2021-05-24,-0.2,-0.9,0.0,0.07,62,206458
2021-05-24,-0.7,-1.4,0.0,0.0,65,211127
2021-05-31,0.3,-1.4,0.0,0.0,74,203083
2021-06-02,2.0,-1.0,0.0,0.0,97,223980
2021-06-09,4.2,2.3,6.7,0.0,97,130210
2021-06-09,4.0,0.9,7.2,0.21,97,57314
2021-06-09,5.2,3.2,6.2,0.0,96,128058
2021-06-25,4.3,3.0,5.5,0.0,94,261500
2021-06-25,3.4,1.9,3.2,0.0,95,138890
2021-07-11,4.4,3.6,0.0,0.0,90,111255
2021-07-11,4.2,2.8,0.0,0.0,90,75507
2021-07-11,4.3,3.0,0.0,0.0,89,41102
2021-07-27,3.8,3.3,0.4,0.0,93,48296
2021-07-27,3.5,3.3,1.0,0.0,94,37152
2021-07-27,4.3,3.8,0.3,0.0,89,92787
2021-08-03,6.1,4.6,6.0,0.0,97,69062
2021-08-05,4.8,3.8,5.7,0.0,97,134010
2021-08-12,6.9,5.9,0.0,0.0,95,32175
2021-08-12,7.8,6.8,0.0,0.0,94,88778
2021-08-12,6.6,5.6,0.1,0.0,95,40774
2021-08-19,4.9,3.5,0.7,0.0,82,43813
2021-09-04,3.7,2.7,0.4,0.0,81,70287
2021-09-06,1.6,1.1,0.0,0.0,76,144030
2021-09-13,3.2,1.6,0.3,0.0,86,43543
2021-09-13,3.3,1.8,0.4,0.0,85,33470
2021-09-13,3.8,2.0,0.1,0.0,84,94150
2021-09-22,5.2,4.0,0.3,0.0,89,262144
2021-09-29,4.1,2.0,4.2,0.42,85,9139
2021-09-29,3.3,1.1,2.3,0.0,81,22861
2021-09-29,5.1,2.5,8.3,0.07,87,84215
2021-10-06,7.0,3.8,2.2,0.0,83,76905
2021-10-08,-0.4,-1.2,1.8,1.33,63,151252
2021-10-15,3.7,2.5,0.7,0.14,87,174613
2021-10-15,3.0,2.0,0.7,0.0,91,49329
2021-10-15,3.2,1.8,0.4,0.0,90,143022
2021-10-31,2.0,-1.8,0.1,0.07,67,191883
2021-10-31,-0.4,-2.4,0.0,0.0,66,71782
2021-10-31,1.2,-2.0,0.0,0.0,67,183105
2021-11-07,-4.0,-4.8,4.5,3.22,70,114281
2021-11-09,-2.3,-4.9,0.8,0.56,62,227996
2021-11-16,-4.5,-5.3,0.0,0.0,67,166169
2021-11-16,-5.1,-5.7,0.1,0.07,69,63061
2021-11-16,-3.8,-5.0,0.0,0.0,67,179818
2021-11-23,-2.8,-6.9,3.0,2.1,72,83848
2021-11-25,-8.5,-15.2,0.9,0.63,74,241242
2021-12-02,-6.5,-8.2,0.0,0.0,70,156405
2021-12-02,-5.4,-7.6,0.9,0.63,71,178558
2021-12-02,-7.3,-8.9,0.0,0.0,70,62287
2021-12-09,1.0,-1.3,0.8,0.56,70,253909
2021-12-11,-0.4,-4.0,0.1,0.07,84,244345
2021-12-18,0.6,-2.8,1.5,0.98,70,220779
2021-12-18,1.1,-2.7,2.1,1.4,70,240360
2021-12-18,-0.2,-2.9,0.9,0.7,72,75968
2021-12-25,-1.5,-2.9,0.6,0.42,74,258105
2022-01-03,-5.9,-7.2,3.0,2.1,62,262144
2022-01-10,0.6,-4.2,1.5,1.05,84,262144
2022-01-12,0.9,-1.8,2.7,1.68,94,260879
2022-01-26,-2.8,-4.9,2.1,1.47,69,211962
2022-01-28,-9.4,-11.3,0.0,0.0,82,260691
2022-02-04,-2.8,-4.2,17.7,12.39,79,255925
2022-02-04,-3.0,-6.4,12.0,8.4,78,262138
2022-02-04,-4.3,-7.3,2.8,1.96,78,260662
2022-02-11,1.0,-0.1,4.2,2.87,72,200539
2022-02-20,-4.8,-7.2,1.2,0.84,67,246606
2022-02-20,-6.4,-9.4,0.6,0.42,71,154118
2022-02-20,-5.5,-8.2,0.8,0.56,67,254415
2022-02-27,-1.6,-4.4,0.5,0.35,72,170841
2022-03-08,-2.0,-3.5,3.0,2.1,73,262144
2022-03-08,-2.5,-4.5,0.1,0.07,74,262144
2022-03-15,3.2,0.9,0.2,0.0,92,140490
2022-03-17,2.5,0.7,1.3,0.0,88,249543
2022-03-24,-8.3,-10.2,2.8,1.96,72,101662
2022-03-24,-7.8,-9.4,1.3,0.98,68,217797
2022-03-24,-7.2,-8.8,1.6,1.05,68,228249
2022-03-31,-7.9,-9.6,2.4,1.68,80,131953
2022-04-02,-6.7,-14.1,1.0,0.7,84,230946
2022-04-18,-0.8,-11.2,3.8,2.66,92,217338
2022-05-02,-7.4,-9.6,0.1,0.14,79,88724
2022-05-04,-9.8,-11.1,0.0,0.0,76,198710
2022-05-11,-6.2,-6.9,0.0,0.0,76,49969
2022-05-11,-4.9,-5.9,0.0,0.0,75,91281
2022-05-11,-3.8,-5.0,0.0,0.0,75,126537
2022-05-18,-2.4,-4.5,2.1,1.54,86,82310
2022-05-27,0.5,-0.2,0.0,0.0,91,77674
2022-05-27,0.2,-1.8,0.0,0.0,92,46185
2022-05-27,1.5,1.1,0.1,0.0,92,125101
2022-06-03,2.9,2.4,0.0,0.0,81,109237
2022-06-05,2.2,1.6,0.0,0.0,90,219627
2022-06-12,2.8,1.1,6.5,0.07,92,68518
2022-06-12,4.2,2.7,6.6,0.0,90,118313
2022-06-28,5.7,4.2,0.0,0.0,90,136787
2022-06-28,3.7,3.2,0.0,0.0,94,41372
2022-06-28,4.8,3.8,0.0,0.0,92,57209
2022-07-07,3.0,2.3,3.9,0.0,87,160789
2022-07-21,8.6,7.2,4.8,0.0,97,64612
2022-07-23,5.9,5.1,0.8,0.0,91,135132
2022-08-06,9.1,8.3,1.1,0.0,92,55688
2022-08-08,5.9,5.1,0.1,0.0,88,36986
2022-08-24,5.8,3.0,0.3,0.0,78,71202
2022-08-31,5.8,4.4,2.1,0.0,82,15483
2022-08-31,6.1,4.7,1.7,0.0,82,76132
2022-08-31,5.3,4.1,1.4,0.0,84,24944
2022-09-07,6.4,4.2,2.1,0.0,84,74213
2022-09-09,5.2,3.2,0.2,0.0,84,82286
2022-09-16,5.0,4.2,0.5,0.0,70,92098
2022-09-16,4.2,3.7,0.6,0.0,76,8025
2022-09-16,4.0,3.0,0.6,0.0,75,22212
2022-09-23,5.2,1.8,0.6,0.07,71,69964
2022-10-02,4.8,3.8,0.6,0.0,83,140077
2022-10-02,4.0,3.6,1.0,0.0,84,94122
2022-10-02,3.7,2.7,0.7,0.0,84,74540
2022-10-09,5.2,3.8,2.3,0.0,89,74312
2022-10-11,3.5,1.0,2.5,0.0,80,196141
2022-10-18,3.3,1.9,0.7,0.35,74,112413
2022-10-18,2.7,1.3,1.3,0.77,74,74952
2022-10-18,2.2,0.9,1.1,0.7,75,94403
2022-10-25,1.6,-0.3,5.3,3.64,67,131497
2022-11-03,5.6,4.2,0.2,0.0,92,189423
2022-11-03,5.4,3.0,0.4,0.0,93,131279
2022-11-03,5.1,2.5,0.9,0.0,94,45271
2022-11-10,0.8,0.3,0.1,0.07,67,250036
2022-11-12,-0.8,-2.8,0.5,0.35,73,241710
2022-11-26,3.5,1.2,0.7,0.14,84,101732
2022-11-28,2.0,0.8,0.0,0.0,87,240870
2022-12-05,1.3,0.5,1.8,1.26,73,222060
2022-12-05,1.5,0.6,2.4,1.68,73,208558
2022-12-14,-7.8,-9.1,1.6,1.12,77,236170
2022-12-21,0.2,-2.7,0.6,0.42,72,84225
2022-12-21,0.6,-2.4,1.8,1.33,72,221351
2022-12-21,0.9,-1.9,4.0,2.8,72,206441
2022-12-28,2.2,-0.2,1.8,1.19,79,141323
2023-01-15,-1.4,-2.8,4.9,3.43,83,253671
2023-01-22,4.7,-0.1,6.0,0.84,85,260634
2023-01-22,5.3,0.4,5.5,0.28,83,262080
2023-02-07,5.2,0.8,12.6,8.26,79,255840
2023-02-07,4.1,0.5,7.6,4.83,78,262062
2023-02-07,3.2,0.3,4.1,2.31,77,140632
2023-02-16,3.0,0.2,9.9,2.8,95,262144
2023-02-23,0.7,-2.2,0.1,0.07,72,260382
2023-02-23,0.6,-2.8,0.1,0.07,74,117135
2023-02-23,1.0,-1.0,0.1,0.14,72,247606
2023-03-04,-10.4,-12.9,2.4,1.68,74,262144
2023-03-11,-1.1,-3.0,0.3,0.21,63,251414
2023-03-11,-0.9,-3.0,2.9,2.03,64,230125
2023-03-11,-1.6,-3.1,1.6,1.12,69,95415
2023-03-20,-12.3,-19.6,1.1,0.77,80,262004
2023-03-27,-8.8,-11.1,1.1,0.91,87,55143
2023-03-27,-7.2,-9.9,1.1,0.77,83,232576
2023-03-27,-6.0,-8.9,1.4,1.05,81,222306
2023-04-05,-8.5,-18.9,0.0,0.0,84,252012
2023-04-12,-0.5,-4.3,0.0,0.0,72,52827
2023-04-12,-0.1,-4.2,0.0,0.0,70,216311
2023-04-12,0.7,-3.5,0.0,0.0,69,233570
2023-04-28,0.4,-0.4,0.0,0.0,82,179274
2023-05-21,4.6,3.6,1.7,0.0,93,106866
2023-06-06,1.5,0.1,0.8,0.49,78,104157
2023-06-15,1.7,1.0,0.9,0.21,86,133249
2023-06-15,3.1,2.1,2.5,0.91,83,158962
2023-06-15,2.2,1.5,0.6,0.14,85,161130
2023-06-22,5.4,3.8,0.0,0.0,92,80370
2023-06-24,4.2,2.8,0.6,0.0,98,190466
2023-07-01,3.2,2.4,0.0,0.0,86,39897
2023-07-01,4.8,3.3,0.2,0.0,84,103387
2023-07-01,4.1,3.1,0.0,0.0,85,76362
2023-07-10,3.4,1.5,0.0,0.0,91,202541
2023-07-17,4.6,2.8,0.0,0.0,84,64571
2023-07-17,4.7,3.5,0.0,0.0,83,107959
2023-08-02,8.4,7.8,0.2,0.0,99,89259
2023-08-02,7.3,6.8,0.2,0.0,99,43736
2023-08-02,8.1,7.5,0.2,0.0,99,52572
2023-08-09,8.6,6.9,0.0,0.0,89,75477
2023-08-11,9.1,6.8,0.2,0.0,97,100274
2023-08-18,8.9,6.8,3.3,0.0,85,78946
2023-08-18,7.8,6.0,2.8,0.0,90,45920
2023-08-18,8.4,6.6,4.1,0.0,87,22638
2023-09-03,7.9,6.9,0.9,0.0,97,69832
2023-09-03,8.6,7.4,0.5,0.0,98,111123
2023-09-10,9.8,7.6,9.1,0.0,94,61941
2023-09-12,5.3,3.7,0.5,0.0,78,130931
2023-09-19,4.6,2.7,5.6,1.19,76,34207
2023-09-19,5.0,1.1,8.4,2.66,79,11155
2023-09-19,5.6,1.8,11.1,5.18,77,92569
2023-09-26,2.3,1.2,0.2,0.14,63,107698
2023-09-28,2.4,-0.9,1.2,0.77,71,210798
2023-10-05,3.9,1.4,2.6,1.4,74,44032
2023-10-05,3.5,1.4,2.4,1.19,74,110309
2023-10-05,3.3,1.9,3.0,1.61,76,69941
2023-10-12,4.5,2.8,2.1,0.49,78,100536
2023-10-21,0.6,-0.9,3.4,2.38,74,199507
2023-10-21,-0.1,-1.4,3.8,2.66,75,156977
2023-10-21,-0.6,-2.0,3.8,2.66,76,52417
2023-10-28,2.2,1.2,0.1,0.07,70,97902
2023-10-30,0.9,-0.2,0.7,0.49,68,209678
2023-11-06,1.0,-0.4,1.6,1.12,75,197757
2023-11-06,0.6,-1.1,2.8,1.82,78,135215
2023-11-06,-0.1,-2.0,0.7,0.56,75,50654
2023-11-13,2.5,-4.0,1.5,0.84,75,122939
2023-11-15,-9.7,-10.5,1.1,0.77,87,208754
2023-11-22,2.8,-0.1,0.1,0.07,75,153154
2023-11-22,3.3,0.2,0.1,0.07,75,209301
2023-11-22,2.4,-0.3,0.1,0.07,75,49698
2023-12-01,-1.1,-4.9,2.0,1.4,82,261475
2023-12-08,0.9,-1.1,3.0,1.96,74,211050
2023-12-08,0.3,-1.4,2.9,2.03,75,63512
2023-12-08,0.8,-1.1,5.4,3.78,74,240768
2023-12-15,0.9,-0.9,0.4,0.28,77,120977
2024-01-02,-1.4,-5.7,1.2,0.91,77,230749
2024-01-09,-9.4,-10.6,0.1,0.07,84,74532
2024-01-09,-7.2,-9.9,0.2,0.14,81,150221
2024-01-09,-6.8,-9.1,0.6,0.42,77,211119
2024-01-16,-3.6,-8.1,5.6,3.92,73,123258
2024-01-18,-5.8,-16.0,1.5,1.05,84,229223
2024-01-25,0.0,-0.8,0.7,0.49,79,208891
2024-01-25,0.5,-0.4,0.8,0.56,77,260778
2024-01-25,0.0,-1.2,1.1,0.84,79,77770
2024-02-01,1.5,-0.2,6.6,4.27,85,260124
2024-02-10,0.2,-0.4,5.6,3.85,79,254547
2024-02-10,-0.2,-0.9,3.8,2.73,83,113823
2024-02-10,0.7,-0.2,4.8,3.36,77,247051
2024-03-06,-1.4,-3.5,0.1,0.07,86,262144
2024-03-20,-9.4,-10.6,0.3,0.21,68,160273
2024-04-05,0.1,-6.8,4.7,3.22,75,167773
2024-04-07,-17.1,-18.4,0.0,0.0,83,250591
2024-04-23,-0.7,-1.3,0.0,0.0,80,244096
2024-04-30,0.4,-0.8,0.1,0.07,80,245125
2024-04-30,0.1,-2.7,0.5,0.21,83,114108
2024-04-30,-0.1,-2.3,0.0,0.0,84,257024
2024-05-09,-1.4,-3.7,0.0,0.0,83,224226
2024-05-16,1.7,-2.7,0.1,0.07,82,193628
2024-05-16,0.9,-3.5,0.1,0.07,80,69328
2024-05-16,0.7,-3.1,0.4,0.21,82,191912
2024-05-23,0.8,-2.8,7.4,5.25,73,105883
2024-05-25,-1.5,-4.9,0.1,0.07,77,217752
2024-06-01,2.3,1.6,0.0,0.0,96,129729
2024-06-01,3.4,3.0,0.0,0.0,95,149116
2024-06-01,2.4,1.8,0.2,0.0,97,83419
2024-06-10,0.9,-1.0,0.1,0.07,94,208811
2024-06-17,2.1,0.2,0.0,0.0,73,128147
2024-06-17,1.5,0.3,0.0,0.0,75,87705
2024-06-17,1.5,0.2,0.0,0.0,73,108829
2024-07-03,3.9,2.2,0.1,0.0,88,110868
2024-07-03,3.2,1.8,0.7,0.0,89,49128
2024-07-03,3.3,1.8,0.0,0.0,89,60549
2024-07-19,6.1,5.1,0.0,0.0,90,90816
2024-07-19,5.6,4.6,0.0,0.0,94,37980
2024-07-19,5.6,4.7,0.0,0.0,94,31203
2024-07-26,8.5,6.3,0.0,0.0,92,88369
2024-07-28,7.3,6.3,0.0,0.0,85,142705
2024-08-11,10.6,10.4,0.0,0.0,89,46222
2024-08-13,10.1,8.4,0.2,0.0,93,119153
2024-09-05,11.2,9.5,1.9,0.0,92,101412
2024-09-05,10.1,8.6,2.3,0.0,93,41642
2024-09-05,10.9,9.2,2.3,0.0,92,12047
2024-09-12,9.4,8.9,2.2,0.0,95,72165
2024-09-14,8.4,5.2,0.0,0.0,96,101752
2024-09-21,5.2,3.1,3.5,0.91,75,9738
2024-09-21,5.7,3.2,3.5,0.63,76,91684
2024-09-21,4.2,3.0,3.1,1.05,75,28768
2024-09-30,2.7,1.5,9.8,2.66,85,137695
2024-10-07,2.5,1.4,3.7,2.59,70,130033
2024-10-07,1.9,0.9,2.0,1.33,71,52847
2024-10-07,1.6,0.3,0.7,0.49,72,34816
2024-10-14,5.9,5.6,0.0,0.0,94,81186
2024-10-16,3.2,0.9,0.6,0.07,85,157848
2024-10-30,4.2,1.8,0.6,0.42,66,141540
2024-11-01,1.6,0.2,5.0,3.36,89,233933
2024-11-08,1.7,-0.4,8.7,6.02,84,164631
2024-11-08,2.4,0.6,12.0,6.79,87,163154
2024-11-08,1.2,-1.4,5.1,3.57,79,60452
2024-11-17,-2.7,-4.2,4.0,2.8,70,244046
2024-11-24,2.3,0.3,6.5,4.48,76,236012
2024-11-24,1.8,-0.3,2.2,1.54,77,255764
2024-11-24,1.4,-1.5,2.7,1.96,77,99284
2024-12-03,-5.7,-6.9,2.5,1.54,74,262096
2024-12-17,-4.2,-5.3,2.2,1.54,71,124437
2024-12-19,-8.2,-9.2,0.5,0.35,76,245271
2024-12-26,1.2,0.1,6.3,4.06,87,96779
2024-12-26,2.4,1.5,5.7,1.26,87,229827
2024-12-26,1.8,0.9,15.6,9.66,89,229267
